target,folds,mae_mean,mae_std,rmse_mean,rmse_std,r2_mean,r2_std,pearson_mean,pearson_std,spearman_mean,spearman_std
target_excitement,5,0.12494562715291976,0.010124867563836801,0.16625608523067903,0.011884923477586573,0.43563638925552367,0.1518670799310563,0.6842820048332214,0.10902502710208209,0.6243398810944276,0.13221834095260054
target_relaxation,5,0.10601255595684052,0.007501422416221787,0.13498753972625516,0.008381802453101031,0.329364538192749,0.13661211456033157,0.6177054166793823,0.06732881350684548,0.5808415447706106,0.08028625742290531
target_interest,5,0.06134430468082428,0.009606764692189617,0.08440225501253296,0.012365872695558288,0.21417866945266723,0.05836483900129273,0.517786955833435,0.06993967326263985,0.42909340985563615,0.06972357226895952
target_focus,5,0.08626806139945983,0.006962750122078075,0.11184785473699732,0.008983112626742572,0.17050843238830565,0.17482994686179879,0.5068522810935974,0.11460820625103857,0.4720625406768887,0.13343789181539598
target_stress,5,0.08863202929496765,0.012659033431805033,0.12782958946967687,0.019745523488845763,0.14865721464157106,0.07863409915197131,0.5224596202373505,0.0490156170173387,0.45075239999763994,0.03347318547027401
target_engagement,5,0.09547860324382781,0.01204959702232633,0.12146489504382892,0.01676917296258626,0.07802902460098267,0.22745080070569318,0.5065539479255676,0.0917984429114015,0.44883212798073224,0.0989390187263904
target_attention,5,0.09575594663619995,0.009111099955214644,0.12270223758994962,0.01126992781062416,0.053211104869842527,0.19593503630802372,0.44482303261756895,0.11869781166030803,0.43587720749277503,0.09825439072744781
