rows_scored,anomaly_rows,anomaly_rate,records,subjects,threshold,mean_score,median_score,max_score
43174,864,0.020012044285912817,117,53,20.37091060104527,7.201338191609683,0.7399961691473553,5240.753256925253
