target,r2_real_only,r2_real_plus_synthetic,r2_delta,spearman_real_only,spearman_real_plus_synthetic,spearman_delta,mae_real_only,mae_real_plus_synthetic,mae_delta
target_focus,-28.96493911743164,-0.07921409606933594,28.885725021362305,0.2968767680854572,0.3068834093973738,0.010006641311916586,0.11408665031194687,0.09970588982105255,-0.014380760490894318
target_excitement,-12.500115394592285,0.11271631717681885,12.612831711769104,0.4614206266868015,0.4687049869930862,0.0072843603062847095,0.17944546043872833,0.1655668020248413,-0.013878658413887024
target_stress,-5.4970622062683105,-0.366668701171875,5.1303935050964355,0.26679907104877293,0.2697629345935757,0.0029638635448027695,0.1256696879863739,0.11797071993350983,-0.007698968052864075
target_engagement,-5.262508869171143,-0.9495224952697754,4.312986373901367,0.2876887573333716,0.27423428709166325,-0.013454470241708372,0.10568146407604218,0.10554338991641998,-0.00013807415962219238
target_interest,-3.937150001525879,-0.6392323970794678,3.297917604446411,0.3258444982960105,0.2911726001535389,-0.03467189814247157,0.08420761674642563,0.08136790245771408,-0.002839714288711548
target_relaxation,-2.328657388687134,-0.5892308950424194,1.7394264936447144,0.34539597515459197,0.27303485785398907,-0.0723611173006029,0.13195282220840454,0.13354529440402985,0.0015924721956253052
target_attention,-2.306914806365967,-0.929142951965332,1.3777718544006348,0.3941240527685349,0.3814685009279653,-0.012655551840569601,0.10259044170379639,0.09721653908491135,-0.00537390261888504
