target,folds,mae_mean,mae_std,rmse_mean,rmse_std,r2_mean,r2_std,pearson_mean,pearson_std,spearman_mean,spearman_std
target_excitement,5,0.1338910788297653,0.005600011977784142,0.17717682366790544,0.009879104571654924,0.37157171964645386,0.07178733773225496,0.6395322680473328,0.06498059339758776,0.5956598511821505,0.07890317241368262
target_relaxation,5,0.11291661113500595,0.004968364379541007,0.1418096728541372,0.007295252004260788,0.2603460788726807,0.14618086083348797,0.5627320230007171,0.062097072899979226,0.5224636598287027,0.0688535730953867
target_interest,5,0.06447650417685509,0.00943982750790343,0.08660818741221761,0.010475615128947088,0.16825779676437377,0.04591550358754384,0.46006083488464355,0.03046386471925435,0.3696153756774744,0.026060285752626138
target_focus,5,0.0867943212389946,0.008173423991301077,0.11244056578013087,0.010420651122491398,0.167697012424469,0.13470106401626813,0.47877591848373413,0.10488296121563814,0.44607280674065786,0.1257747885666084
target_stress,5,0.09049012213945389,0.015008863904087124,0.1289060505509617,0.020885654250072484,0.13714810609817504,0.058949000332162875,0.4684221804141998,0.04624805666194609,0.41454727940250297,0.013277444347961772
target_engagement,5,0.09286311417818069,0.00448244956735174,0.11847167222921222,0.004828577570991914,0.12874139547348024,0.0994826915264951,0.44899550676345823,0.06854050970796197,0.368499281362611,0.06354151998918714
target_attention,5,0.096365587413311,0.00842912626241353,0.12367871390250648,0.010982359110110609,0.04830787181854248,0.11780302018037561,0.3794341146945953,0.09342399678753546,0.37430925019144967,0.08541332230107687
