target,folds,mae_mean,mae_std,rmse_mean,rmse_std,r2_mean,r2_std,pearson_mean,pearson_std,spearman_mean,spearman_std
target_excitement,5,0.14659847617149352,0.009307683508781847,0.19145297105996387,0.011608988000475308,0.26673725843429563,0.11005732632619086,0.5195708632469177,0.09106362423496421,0.49329837537278537,0.08944325039691248
target_attention,5,0.09463933855295181,0.006861993580889092,0.1235043892555251,0.009888987467544862,0.04796476364135742,0.1246382559487624,0.3278426080942154,0.08911735077720052,0.33514676559647494,0.09785454604081655
target_stress,5,0.0923718199133873,0.013651729284764876,0.138279689839814,0.02012913802196028,-0.005369448661804199,0.3042716414503477,0.3478648215532303,0.11538266820547691,0.35577286919494633,0.018430834278182998
target_focus,5,0.09414581805467606,0.007697135567659207,0.1310882705839628,0.02831221908387961,-0.16046892404556273,0.5468745949677994,0.29587259888648987,0.07636079238006854,0.2901490997916207,0.07416202014025267
target_engagement,5,0.09503063708543777,0.011036350138683626,0.1395485002262997,0.04949968973551432,-0.22738041877746581,0.8282808249883682,0.37022549510002134,0.08359312266952151,0.3523867054795103,0.04550238107643738
target_relaxation,5,0.12411451190710068,0.009591998174610332,0.18992537762048403,0.08431691864893547,-0.4856146931648254,1.4333009530397656,0.39530045688152315,0.09880429444132295,0.4311509048897605,0.026555007103240033
target_interest,5,0.06683730706572533,0.008992862770829746,0.11419072495930258,0.05800436666193556,-0.8623053073883057,2.3089930603319417,0.38998127579689024,0.10524385898171883,0.303740797675718,0.06376121042357673
